<?xml version="1.0" encoding="UTF-8"?>
<!DOCTYPE mapper
        PUBLIC "-//mybatis.org//DTD Mapper 3.0//EN"
        "http://mybatis.org/dtd/mybatis-3-mapper.dtd">
<mapper namespace="com.example.demo.mapper.NewUserMapper">

	<insert id="insert"
		parameterType="com.example.demo.model.NewUserModel"
		useGeneratedKeys="true">
		INSERT INTO
		visasystem(name,password,email,gender,visa,visatype,country,birth,address)
		VALUES
		(#{name},#{password},#{email},#{gender},#{visa},#{visatype},#{country},#{birth},#{address})
	</insert>


	<select id="search"
		parameterType="com.example.demo.model.NewUserModel" resultType="int">
		SELECT
		COUNT(email) FROM visasystem where email=#{email}

	</select>

	<select id="checkall"
		resultType="com.example.demo.model.NewUserModel"
		parameterType="com.example.demo.model.NewUserModel">
		SELECT * FROM visasystem WHERE email != 'admin'  and delete2 =
		'0';

	</select>

	<delete id="delete"
		parameterType="com.example.demo.model.NewUserModel">
		update visasystem set delete2 = 1 where id=#{id}
	</delete>

	<select id="selectupdate"
		resultType="com.example.demo.model.NewUserModel"
		parameterType="com.example.demo.model.NewUserModel">
		select * from visasystem where id = #{id}
	</select>

	<update id="update"
		parameterType="com.example.demo.model.NewUserModel">
		Update visasystem set id=#{id},name=#{name},
		visa=#{visa},
		visatype=#{visatype} where id=#{id}
	</update>

	<select id="searchUser"
		resultType="com.example.demo.model.NewUserModel">
		SELECT * FROM visasystem WHERE name LIKE '%${search}%' OR
		visatype LIKE
		'%${search}%'
	</select>

	<select id="getAllUsers"
		resultType="com.example.demo.model.NewUserModel">
		SELECT * FROM visasystem WHERE name LIKE '%${search}%' OR
		visatype LIKE
		'%${search}%'
	</select>


</mapper> 
           