<?xml version="1.0" encoding="UTF-8" ?>
<!DOCTYPE mapper
        PUBLIC "-//mybatis.org//DTD Mapper 3.0//EN"
        "http://mybatis.org/dtd/mybatis-3-mapper.dtd">
<mapper namespace="kk.soft.co.jp.sys.mapper.MessageInfoMstMapper">

	<select id="selectAll"
		resultType="kk.soft.co.jp.sys.model.MessageInfoMstModel">
		SELECT * FROM public.ctmif3 WHERE del ='1' ORDER BY id ASC
	</select>

	<select id="selectAdmin"
		resultType="kk.soft.co.jp.sys.model.MessageInfoMstModel">
		SELECT * FROM public.ctmif3 where name = 'admin1'
	</select>

	<insert id="insert"
		parameterType="kk.soft.co.jp.sys.model.MessageInfoMstModel"
		useGeneratedKeys="true" keyProperty="id">
		INSERT INTO
		public.ctmif3
		(name,email,password,gender,marriage,privacy)
		VALUES
		(#{name},#{email},#{password},#{gender},#{marriage},#{privacy})
	</insert>

	<select id="checkEmail"
		resultType="kk.soft.co.jp.sys.model.MessageInfoMstModel"
		parameterType="kk.soft.co.jp.sys.model.MessageInfoMstModel">
		SELECT * FROM public.ctmif3 WHERE (email = #{email})
	</select>

	<select id="checkSignin"
		resultType="kk.soft.co.jp.sys.model.MessageInfoMstModel"
		parameterType="kk.soft.co.jp.sys.model.MessageInfoMstModel">
		SELECT * FROM public.ctmif3
		WHERE ((email = #{email})
		AND
		(password = #{password}))
		AND
		del ='1'
	</select>

	<delete id="delete"
		parameterType="kk.soft.co.jp.sys.model.MessageInfoMstModel">
		UPDATE public.ctmif3 set del = 0 where id=#{id}
	</delete>

	<select id="back"
		resultType="kk.soft.co.jp.sys.model.MessageInfoMstModel">
		SELECT * FROM public.ctmif3 where (id = #{id})
	</select>

	<update id="update"
		parameterType="kk.soft.co.jp.sys.model.MessageInfoMstModel">
		UPDATE public.ctmif3 set
		id=#{id},name=#{name},email=#{email},password=#{password},marriage=#{marriage},privacy=#{privacy}
		where
		id=#{id}
	</update>

	<update id="update1"
		parameterType="kk.soft.co.jp.sys.model.MessageInfoMstModel">
		UPDATE public.ctmif3 set id=#{id},name=#{name} where
		id=#{id}
	</update>

</mapper><!--コメント -->